{"stats":{"minecraft:dropped":{"minecraft:spider_eye":1,"pointblank:gunmetal_nugget":3},"minecraft:picked_up":{"pointblank:gunmetal_nugget":3,"minecraft:spider_eye":1,"minecraft:dirt":6},"minecraft:custom":{"minecraft:jump":55,"minecraft:time_since_rest":3146,"minecraft:leave_game":1,"minecraft:sprint_one_cm":3268,"minecraft:play_time":3146,"minecraft:damage_taken":73,"minecraft:time_since_death":3146,"minecraft:walk_one_cm":13333,"minecraft:total_world_time":3146,"minecraft:mob_kills":3,"minecraft:drop":2,"minecraft:fall_one_cm":1821,"minecraft:fly_one_cm":1763},"minecraft:mined":{"minecraft:grass_block":3,"minecraft:oak_leaves":2,"minecraft:dirt":3},"minecraft:killed":{"minecraft:zombie_villager":1,"minecraft:zombie":2},"minecraft:used":{"minecraft:dirt":4}},"DataVersion":3465}